Handle,Title,Body (HTML),Vendor,Type,Tags,Published,Option1 Name,Option1 Value,Option2 Name,Option2 Value,Variant SKU,Variant Inventory Tracker,Variant Inventory Qty,Variant Inventory Policy,Variant Fulfillment Service,Variant Price,Variant Requires Shipping,Variant Taxable,Status
trevo-royal,Trevo Royal,"<p>Pulseira em prata com banho reforçado e cravação densa em trevos, fecho duplo de segurança. Peso real, presença de vitrine.</p>",G-Nation,Pulseiras,Pulseiras,TRUE,Material,Prata 925,Tamanho,16cm,trevo-royal|Prata 925|16cm,shopify,10,deny,manual,319,TRUE,TRUE,active
trevo-royal,,,,,,,Material,Prata 925,Tamanho,18cm,trevo-royal|Prata 925|18cm,shopify,10,deny,manual,319,TRUE,TRUE,
trevo-royal,,,,,,,Material,Prata 925,Tamanho,20cm,trevo-royal|Prata 925|20cm,shopify,10,deny,manual,319,TRUE,TRUE,
trevo-royal,,,,,,,Material,Banho Ouro 18k,Tamanho,16cm,trevo-royal|Banho Ouro 18k|16cm,shopify,10,deny,manual,319,TRUE,TRUE,
trevo-royal,,,,,,,Material,Banho Ouro 18k,Tamanho,18cm,trevo-royal|Banho Ouro 18k|18cm,shopify,10,deny,manual,319,TRUE,TRUE,
trevo-royal,,,,,,,Material,Banho Ouro 18k,Tamanho,20cm,trevo-royal|Banho Ouro 18k|20cm,shopify,10,deny,manual,319,TRUE,TRUE,
cubana-cravejada,Cubana Cravejada,"<p>Corrente cubana clássica com cravação total em zircônia, acabamento polido à mão e fecho reforçado com trava dupla.</p>",G-Nation,Cordões,Cordões,TRUE,Material,Prata 925,Tamanho,50cm,cubana-cravejada|Prata 925|50cm,shopify,10,deny,manual,289,TRUE,TRUE,active
cubana-cravejada,,,,,,,Material,Prata 925,Tamanho,55cm,cubana-cravejada|Prata 925|55cm,shopify,10,deny,manual,289,TRUE,TRUE,
cubana-cravejada,,,,,,,Material,Prata 925,Tamanho,60cm,cubana-cravejada|Prata 925|60cm,shopify,10,deny,manual,289,TRUE,TRUE,
cubana-cravejada,,,,,,,Material,Banho Ouro 18k,Tamanho,50cm,cubana-cravejada|Banho Ouro 18k|50cm,shopify,10,deny,manual,289,TRUE,TRUE,
cubana-cravejada,,,,,,,Material,Banho Ouro 18k,Tamanho,55cm,cubana-cravejada|Banho Ouro 18k|55cm,shopify,10,deny,manual,289,TRUE,TRUE,
cubana-cravejada,,,,,,,Material,Banho Ouro 18k,Tamanho,60cm,cubana-cravejada|Banho Ouro 18k|60cm,shopify,10,deny,manual,289,TRUE,TRUE,
tennis-ice,Tennis Ice,"<p>Tennis chain de cravação corrida, brilho parelho do início ao fim, fecho de segurança discreto. Um clássico atemporal.</p>",G-Nation,Cordões,Cordões,TRUE,Material,Prata 925,Tamanho,45cm,tennis-ice|Prata 925|45cm,shopify,10,deny,manual,259,TRUE,TRUE,active
tennis-ice,,,,,,,Material,Prata 925,Tamanho,50cm,tennis-ice|Prata 925|50cm,shopify,10,deny,manual,259,TRUE,TRUE,
tennis-ice,,,,,,,Material,Prata 925,Tamanho,55cm,tennis-ice|Prata 925|55cm,shopify,10,deny,manual,259,TRUE,TRUE,
tennis-ice,,,,,,,Material,Banho Ródio,Tamanho,45cm,tennis-ice|Banho Ródio|45cm,shopify,10,deny,manual,259,TRUE,TRUE,
tennis-ice,,,,,,,Material,Banho Ródio,Tamanho,50cm,tennis-ice|Banho Ródio|50cm,shopify,10,deny,manual,259,TRUE,TRUE,
tennis-ice,,,,,,,Material,Banho Ródio,Tamanho,55cm,tennis-ice|Banho Ródio|55cm,shopify,10,deny,manual,259,TRUE,TRUE,
anel-cruz-ice,Anel Cruz Ice,"<p>Anel de brasão com cruz cravejada, volume generoso e acabamento gelado. Peça de assinatura pra quem não passa despercebido.</p>",G-Nation,Anéis,Anéis,TRUE,Material,Prata 925,Tamanho,18,anel-cruz-ice|Prata 925|18,shopify,10,deny,manual,329,TRUE,TRUE,active
anel-cruz-ice,,,,,,,Material,Prata 925,Tamanho,20,anel-cruz-ice|Prata 925|20,shopify,10,deny,manual,329,TRUE,TRUE,
anel-cruz-ice,,,,,,,Material,Prata 925,Tamanho,22,anel-cruz-ice|Prata 925|22,shopify,10,deny,manual,329,TRUE,TRUE,
anel-cruz-ice,,,,,,,Material,Prata 925,Tamanho,24,anel-cruz-ice|Prata 925|24,shopify,10,deny,manual,329,TRUE,TRUE,
anel-cruz-ice,,,,,,,Material,Banho Ródio,Tamanho,18,anel-cruz-ice|Banho Ródio|18,shopify,10,deny,manual,329,TRUE,TRUE,
anel-cruz-ice,,,,,,,Material,Banho Ródio,Tamanho,20,anel-cruz-ice|Banho Ródio|20,shopify,10,deny,manual,329,TRUE,TRUE,
anel-cruz-ice,,,,,,,Material,Banho Ródio,Tamanho,22,anel-cruz-ice|Banho Ródio|22,shopify,10,deny,manual,329,TRUE,TRUE,
anel-cruz-ice,,,,,,,Material,Banho Ródio,Tamanho,24,anel-cruz-ice|Banho Ródio|24,shopify,10,deny,manual,329,TRUE,TRUE,
anel-cruz-royal,Anel Cruz Royal,"<p>Versão royal do anel de brasão, cravação baguete e detalhes em banho reforçado. Feito pra durar e pra ser visto.</p>",G-Nation,Anéis,Anéis,TRUE,Material,Prata 925,Tamanho,18,anel-cruz-royal|Prata 925|18,shopify,10,deny,manual,349,TRUE,TRUE,active
anel-cruz-royal,,,,,,,Material,Prata 925,Tamanho,20,anel-cruz-royal|Prata 925|20,shopify,10,deny,manual,349,TRUE,TRUE,
anel-cruz-royal,,,,,,,Material,Prata 925,Tamanho,22,anel-cruz-royal|Prata 925|22,shopify,10,deny,manual,349,TRUE,TRUE,
anel-cruz-royal,,,,,,,Material,Prata 925,Tamanho,24,anel-cruz-royal|Prata 925|24,shopify,10,deny,manual,349,TRUE,TRUE,
anel-cruz-royal,,,,,,,Material,Banho Ouro 18k,Tamanho,18,anel-cruz-royal|Banho Ouro 18k|18,shopify,10,deny,manual,349,TRUE,TRUE,
anel-cruz-royal,,,,,,,Material,Banho Ouro 18k,Tamanho,20,anel-cruz-royal|Banho Ouro 18k|20,shopify,10,deny,manual,349,TRUE,TRUE,
anel-cruz-royal,,,,,,,Material,Banho Ouro 18k,Tamanho,22,anel-cruz-royal|Banho Ouro 18k|22,shopify,10,deny,manual,349,TRUE,TRUE,
anel-cruz-royal,,,,,,,Material,Banho Ouro 18k,Tamanho,24,anel-cruz-royal|Banho Ouro 18k|24,shopify,10,deny,manual,349,TRUE,TRUE,
trevo-rose,Trevo Rosé,"<p>Pulseira trevo em banho rosé com cravação em zircônia rosa, fecho gaveta cravejado com trava dupla. A versão mais delicada da linha, sem perder presença.</p>",G-Nation,Pulseiras,Pulseiras,TRUE,Material,Prata 925,Tamanho,16cm,trevo-rose|Prata 925|16cm,shopify,10,deny,manual,339,TRUE,TRUE,active
trevo-rose,,,,,,,Material,Prata 925,Tamanho,18cm,trevo-rose|Prata 925|18cm,shopify,10,deny,manual,339,TRUE,TRUE,
trevo-rose,,,,,,,Material,Prata 925,Tamanho,20cm,trevo-rose|Prata 925|20cm,shopify,10,deny,manual,339,TRUE,TRUE,
trevo-rose,,,,,,,Material,Banho Rosé,Tamanho,16cm,trevo-rose|Banho Rosé|16cm,shopify,10,deny,manual,339,TRUE,TRUE,
trevo-rose,,,,,,,Material,Banho Rosé,Tamanho,18cm,trevo-rose|Banho Rosé|18cm,shopify,10,deny,manual,339,TRUE,TRUE,
trevo-rose,,,,,,,Material,Banho Rosé,Tamanho,20cm,trevo-rose|Banho Rosé|20cm,shopify,10,deny,manual,339,TRUE,TRUE,
trevo-gold,Trevo Gold,"<p>Pulseira trevo em banho ouro 18k com cravação em zircônia verde esmeralda, fecho gaveta cravejado com trava dupla. Peso real e brilho de vitrine.</p>",G-Nation,Pulseiras,Pulseiras,TRUE,Material,Prata 925,Tamanho,16cm,trevo-gold|Prata 925|16cm,shopify,10,deny,manual,349,TRUE,TRUE,active
trevo-gold,,,,,,,Material,Prata 925,Tamanho,18cm,trevo-gold|Prata 925|18cm,shopify,10,deny,manual,349,TRUE,TRUE,
trevo-gold,,,,,,,Material,Prata 925,Tamanho,20cm,trevo-gold|Prata 925|20cm,shopify,10,deny,manual,349,TRUE,TRUE,
trevo-gold,,,,,,,Material,Banho Ouro 18k,Tamanho,16cm,trevo-gold|Banho Ouro 18k|16cm,shopify,10,deny,manual,349,TRUE,TRUE,
trevo-gold,,,,,,,Material,Banho Ouro 18k,Tamanho,18cm,trevo-gold|Banho Ouro 18k|18cm,shopify,10,deny,manual,349,TRUE,TRUE,
trevo-gold,,,,,,,Material,Banho Ouro 18k,Tamanho,20cm,trevo-gold|Banho Ouro 18k|20cm,shopify,10,deny,manual,349,TRUE,TRUE,
elo-grumet,Elo Grumet,"<p>Corrente elo grumet trançado, acabamento espelhado e fecho reforçado. Discreta no dia a dia, presente na vitrine.</p>",G-Nation,Cordões,Cordões,TRUE,Material,Prata 925,Tamanho,50cm,elo-grumet|Prata 925|50cm,shopify,10,deny,manual,249,TRUE,TRUE,active
elo-grumet,,,,,,,Material,Prata 925,Tamanho,55cm,elo-grumet|Prata 925|55cm,shopify,10,deny,manual,249,TRUE,TRUE,
elo-grumet,,,,,,,Material,Prata 925,Tamanho,60cm,elo-grumet|Prata 925|60cm,shopify,10,deny,manual,249,TRUE,TRUE,
elo-grumet,,,,,,,Material,Prata 925,Tamanho,70cm,elo-grumet|Prata 925|70cm,shopify,10,deny,manual,249,TRUE,TRUE,
elo-grumet,,,,,,,Material,Banho Ouro 18k,Tamanho,50cm,elo-grumet|Banho Ouro 18k|50cm,shopify,10,deny,manual,249,TRUE,TRUE,
elo-grumet,,,,,,,Material,Banho Ouro 18k,Tamanho,55cm,elo-grumet|Banho Ouro 18k|55cm,shopify,10,deny,manual,249,TRUE,TRUE,
elo-grumet,,,,,,,Material,Banho Ouro 18k,Tamanho,60cm,elo-grumet|Banho Ouro 18k|60cm,shopify,10,deny,manual,249,TRUE,TRUE,
elo-grumet,,,,,,,Material,Banho Ouro 18k,Tamanho,70cm,elo-grumet|Banho Ouro 18k|70cm,shopify,10,deny,manual,249,TRUE,TRUE,
